<?xml version="1.0" encoding="UTF-8" standalone="no"?>
<Quizfragen>
    <Fragenzeile>
        <Fragennummer>1</Fragennummer>
        <Frage>fwergfwergwerbgfetgrwgrw</Frage>
        <AntwortA>fefeqw</AntwortA>
        <AntwortB>feqwfeq</AntwortB>
        <AntwortC>feqfqe</AntwortC>
        <AntwortD>fqefqe</AntwortD>
        <KorrekteAntwort>D</KorrekteAntwort>
    </Fragenzeile>
    <Fragenzeile>
        <Fragennummer>2</Fragennummer>
        <Frage>fqefqefqefqe</Frage>
        <AntwortA>feqfqefqe</AntwortA>
        <AntwortB>fqefqefqe</AntwortB>
        <AntwortC>fqefqefqe</AntwortC>
        <AntwortD>fqefeqfqefqe</AntwortD>
        <KorrekteAntwort>A</KorrekteAntwort>
    </Fragenzeile>
</Quizfragen>
