<?xml version="1.0" encoding="UTF-8" standalone="no"?>
<Quizfragen>
    <Fragenzeile>
        <Fragennummer>1</Fragennummer>
        <Frage>asdasd</Frage>
        <AntwortA>qeqwe</AntwortA>
        <AntwortB>qeqwe</AntwortB>
        <AntwortC>asdasd</AntwortC>
        <AntwortD>asdads</AntwortD>
        <KorrekteAntwort>D</KorrekteAntwort>
    </Fragenzeile>
    <Fragenzeile>
        <Fragennummer>2</Fragennummer>
        <Frage>qweqwewe</Frage>
        <AntwortA>qeqe</AntwortA>
        <AntwortB>qweqwe</AntwortB>
        <AntwortC>qweqwe</AntwortC>
        <AntwortD>qweqwe</AntwortD>
        <KorrekteAntwort>A</KorrekteAntwort>
    </Fragenzeile>
    <Fragenzeile>
        <Fragennummer>3</Fragennummer>
        <Frage>qweqweqwe</Frage>
        <AntwortA>qeqew</AntwortA>
        <AntwortB>qeqwe</AntwortB>
        <AntwortC>qweqweqwe</AntwortC>
        <AntwortD>qweqwe</AntwortD>
        <KorrekteAntwort>C</KorrekteAntwort>
    </Fragenzeile>
</Quizfragen>
